{"cameraMode":{"drawMode":0,"name":"Shaded","section":"Shading Mode"},"sceneLighting":true,"audioPlay":false,"sceneViewState":{"showFog":true,"showMaterialUpdate":true,"showSkybox":false,"showFlares":true,"showImageEffects":true,"showParticleSystems":true},"in2DMode":false,"pivot":{"x":-31.950794219970704,"y":-9.219719886779786,"z":-18.97523307800293},"rotation":{"x":0.03534627705812454,"y":-0.9351590275764465,"z":0.3395548462867737,"w":0.0968908965587616},"size":14.32060432434082,"orthographic":false}