{"cameraMode":{"drawMode":0,"name":"Shaded","section":"Shading Mode"},"sceneLighting":true,"audioPlay":false,"sceneViewState":{"showFog":true,"showMaterialUpdate":true,"showSkybox":true,"showFlares":true,"showImageEffects":true,"showParticleSystems":true},"in2DMode":false,"pivot":{"x":36.77095031738281,"y":24.702444076538087,"z":-56.04918670654297},"rotation":{"x":0.28033652901649477,"y":-0.2591302692890167,"z":0.07509090006351471,"w":0.9216611981391907},"size":4.000792980194092,"orthographic":false}