{"cameraMode":{"drawMode":0,"name":"Shaded","section":"Shading Mode"},"sceneLighting":true,"audioPlay":false,"sceneViewState":{"showFog":true,"showMaterialUpdate":true,"showSkybox":false,"showFlares":true,"showImageEffects":true,"showParticleSystems":true},"in2DMode":false,"pivot":{"x":14.047590255737305,"y":-0.7881572246551514,"z":-16.96068572998047},"rotation":{"x":0.1405637413263321,"y":0.7626040577888489,"z":-0.17745327949523927,"w":0.6063030362129211},"size":1.6941776275634766,"orthographic":false}