{"cameraMode":{"drawMode":0,"name":"Shaded","section":"Shading Mode"},"sceneLighting":true,"audioPlay":false,"sceneViewState":{"showFog":true,"showMaterialUpdate":true,"showSkybox":false,"showFlares":true,"showImageEffects":true,"showParticleSystems":true},"in2DMode":false,"pivot":{"x":20.609050750732423,"y":9.420846939086914,"z":-20.49355697631836},"rotation":{"x":0.11226164549589157,"y":0.06198953464627266,"z":-0.009128464385867119,"w":0.9920513033866882},"size":3.738525629043579,"orthographic":false}