{"cameraMode":{"drawMode":0,"name":"Shaded","section":"Shading Mode"},"sceneLighting":true,"audioPlay":false,"sceneViewState":{"showFog":true,"showMaterialUpdate":true,"showSkybox":false,"showFlares":true,"showImageEffects":true,"showParticleSystems":true},"in2DMode":false,"pivot":{"x":-32.358787536621097,"y":-3.764850616455078,"z":-19.626985549926759},"rotation":{"x":0.406554639339447,"y":-0.5843193531036377,"z":0.4235626459121704,"w":0.5606571435928345},"size":16.320646286010743,"orthographic":false}