{"cameraMode":{"drawMode":0,"name":"Shaded","section":"Shading Mode"},"sceneLighting":true,"audioPlay":false,"sceneViewState":{"showFog":true,"showMaterialUpdate":true,"showSkybox":false,"showFlares":true,"showImageEffects":true,"showParticleSystems":true},"in2DMode":false,"pivot":{"x":-24.298641204833986,"y":-10.458219528198243,"z":0.8311691284179688},"rotation":{"x":-0.20780958235263825,"y":-0.21808108687400819,"z":0.04768950119614601,"w":-0.9525886178016663},"size":18.54644012451172,"orthographic":false}