{"cameraMode":{"drawMode":0,"name":"Shaded","section":"Shading Mode"},"sceneLighting":true,"audioPlay":false,"sceneViewState":{"showFog":true,"showMaterialUpdate":true,"showSkybox":false,"showFlares":true,"showImageEffects":true,"showParticleSystems":true},"in2DMode":false,"pivot":{"x":-30.993410110473634,"y":-5.364448547363281,"z":-20.108016967773439},"rotation":{"x":0.0318334624171257,"y":-0.9031487107276917,"z":0.42331358790397646,"w":0.06762505322694779},"size":13.367361068725586,"orthographic":false}