{"cameraMode":{"drawMode":0,"name":"Shaded","section":"Shading Mode"},"sceneLighting":true,"audioPlay":false,"sceneViewState":{"showFog":true,"showMaterialUpdate":true,"showSkybox":false,"showFlares":true,"showImageEffects":true,"showParticleSystems":true},"in2DMode":false,"pivot":{"x":11.634446144104004,"y":-0.6629863977432251,"z":-87.05953979492188},"rotation":{"x":-0.00015105340571608394,"y":-0.9986416101455689,"z":0.010818430222570897,"w":-0.05308104306459427},"size":49.51504135131836,"orthographic":false}