{"cameraMode":{"drawMode":0,"name":"Shaded","section":"Shading Mode"},"sceneLighting":true,"audioPlay":false,"sceneViewState":{"showFog":true,"showMaterialUpdate":true,"showSkybox":false,"showFlares":true,"showImageEffects":true,"showParticleSystems":true},"in2DMode":false,"pivot":{"x":-15.130001068115235,"y":7.0125932693481449,"z":-0.7261608242988586},"rotation":{"x":-0.03470617160201073,"y":-0.6430031061172485,"z":0.029123816639184953,"w":-0.764814019203186},"size":19.23253059387207,"orthographic":false}