{"cameraMode":{"drawMode":0,"name":"Shaded","section":"Shading Mode"},"sceneLighting":true,"audioPlay":false,"sceneViewState":{"showFog":true,"showMaterialUpdate":true,"showSkybox":true,"showFlares":true,"showImageEffects":true,"showParticleSystems":true},"in2DMode":false,"pivot":{"x":3.6246440410614015,"y":17.408254623413087,"z":-14.796100616455079},"rotation":{"x":0.23910962045192719,"y":-0.5520254969596863,"z":0.1644780933856964,"w":0.7822239995002747},"size":4.000792980194092,"orthographic":false}